特輯,欄目,題目,作者/譯者,備考,起始頁
__,__,封面,,,1
__,廣告,商務印書館發行《辭源》,,,2
__,__,婦女雜誌第一卷第六號目次,,,3
__,廣告,教育部最近批「商務印書館共和國教科書」,,,5
__,廣告,商務印書館廣告《學生字典》,,,6
__,圖畫,宋道士范子珉畫放牧圖,__,,7
__,圖畫,武進呂幼舲放牧圖題跋,__,,8
__,廣告,完全華商商務印書館彩印「民國四年適用之新地圖」,,,9
__,廣告,《東三省紀略》上海商務印書館及各省分館同啟,,,10
__,圖畫,吳江朱素華女子自撰其夫墓誌銘拓本,__,,11
__,圖畫,湖南西路女教育家易瑜陳敏文小影,__,,12
__,廣告,醫療用藥品、醫療用器械、醫療用繃帶材料、理化學用藥品、工業用藥品、玻璃藥瓶各種、諸大家賣藥各種、美容化粧品各種(上海濟生堂大藥房),,,13
__,廣告,女界寶、非洲樹皮丸、助肺呼吸香膠、家普魚肝油、清血解毒海波藥、納佛補天汁、良丹(五洲大藥房),,,14
__,圖畫,同里私立麗則女學校校舍之一部,__,,15
__,圖畫,歸周鍾玉女士之書畫,__,,16
__,廣告,清快丸(日信大藥房),,,17
__,廣告,中國精益眼鏡公司,,,18
__,圖畫,莊以敬女史畫花卉,__,,19
__,圖畫,安徽公立第二女子初等高等小學校姿勢攝影,__,,20
__,廣告,綠瓶香水、優名塔牙水(屈臣氏大藥房),,,21
__,廣告,「婦女衛生助妝品」：益壽膠、各種香粉香水、滋肌香蜜膏、香水香士蓮、宮品口香糖、疳積糖化塔餅、妙香生髮、佳製花露水、奇香洗牙、各種果子露、閨閣雜品、精血丸(上海中英大藥房),,,22
__,廣告,完全華商商務印書館出版發行「演義叢書」、「常識談話」,,,24
__,論說,敬告女同胞文,蔡陳漢俠,,25
__,論說,重九登高說,江寧市立第一女子初等小學校四年級生高冠南,,28
__,論說,以蟲鳴秋說,江寧市立第一女子初等小學校四年級生高冠南,,29
__,論說,學無止境說,江寧市立第一女子初等小學校四年級生高冠南,,29
__,論說,廉頗思用趙人論,武進第一女學學生謝挽,,30
__,論說,論女子教育當注重道德,廣東鳳群兩等女小學校學生游桂芬,,31
__,論說,宋高宗頒戒石銘於州縣論,奉天義縣縣立女子師範學校初級一年生馬春和,,33
__,論說,論黃山黃帝遺跡,安徽歙縣西鄉唐模村端則女學校學生許端儁,,34
__,廣告,完全華商商務印書館出版《小學游技》與「小學游戲各書」,,,36
__,學藝,日用理化學淺話(續),陳世宜述,,37
__,學藝,家庭博物館(附圖)(續),佩芬,,42
__,學藝,果樹盆栽法,俞鎮,,48
__,學藝,對於女子製絲之概要(附圖)(續),潘文瑛,,51
__,學藝,造紙術,童貞,,58
__,學藝,養魚術,童貞,,64
__,廣告,商務印書館出版《家事教科書》、《縫紉教科書》、《園藝教科書》,,,70
__,家政,簡明實用母之衛生及育兒法,飄萍,,71
__,家政,論主婦應知各種避害法,梅夢,,77
__,家政,家庭醫病法(續),沈芳女士,,80
__,家政,種痘術(續),席如,,83
__,家政,家事經濟談,武進縣立第二高等女子小學畢業生莊瑛,,87
__,家政,衣服保存法,靜媛,,92
__,廣告,商務印書館發行「女子必讀之書」,,,96
__,女學商榷,對於主持女學者之卮言,瞻廬,,97
__,女學商榷,推廣女子初等小學私議,善初小學教員張朱翰芬,,100
__,女學商榷,義務教育責在婦女議,劉【王﹢盛】,,101
__,補白,漢壽女子小學樂歌講義,校長黃易瑜撰,,104
__,廣告,商務印書館出版「幼稚用書」,,,106
__,名著,女世說卷二(續),邵陽李清映碧輯,,107
__,名著,吳中十女子集,張蘊芬,,112
__,廣告,商務印書館發行《小說月報》第六卷第四第五兩號出版要目,,,121
__,小說,我國之武士道,寒蕾,,122
__,小說,嗚呼毒蛇(續),葉中冷,,129
__,小說,髫齡夢影,玉俞,,136
__,廣告,商務印書館發行《英華日用字典》,,,141
__,譯海,德國風俗譚(續),盧振華,,142
__,譯海,英公主瑪麗小傳(附圖),孟憲承,,145
__,譯海,育嬰寶鑑(續),質園,,149
__,廣告,「介紹書畫家」、「商務印書館精印」書目介紹,,,153
__,文苑,綠槐書屋肄書圖記,張曜孫,,154
__,文苑,金陵旅行記,無錫競志女學校中學四年生龔暉,,156
__,文苑,湘影樓詩選六首,黃易瑜﹑徐映蘐﹑劉【王﹢盛】,,160
__,文苑,湘影樓詞選三首,黃易瑜,,162
__,廣告,商務印書館出版「教育部審定高等小學校畫學」,,,165
__,美術,美術之一,張蘊汶,,166
__,美術,美術叢譚(附圖),王岑媛女士,,170
__,廣告,商務印書館學校應用表簿發行介紹,,,175
__,雜俎,然脂餘韻,梁溪王蘊章蓴農述,,176
__,雜俎,新見聞隨筆(附圖)(續),盧振華,,178
__,雜俎,桂林行旅行筆記,計宗蘭,,184
__,補白,文趣雜語,上海城東本科生楊雪瑤,,191
__,廣告,商務印書館發行「物理器械」、「各種標本模型」、「體操器械及雜具」、「各種文具」,,,193
__,調查,調查黑龍江各縣女學記,劉【王﹢盛】,,194
__,調查,吳中女子生活談,孟源口述、郁文撰著,,198
__,補白,直隸女子師範學校校歌,(無署名),,201
__,廣告,商務印書館發售「運動器械」,,,203
__,餘興,理科新游戲,梅夢,,204
__,補白,西婦日課,(無署名),,207
__,廣告,商務印書館出版「初等小學單級學校用書」,,,208
__,廣告,商務印書館發行《東方雜誌》十二卷第五號要目,,,209
__,廣告,商務印書館發行《教育雜誌》第七卷第五號要目,,,210
__,廣告,商務印書館出版「幻燈影片」(上欄)「本社廣告」本社承韋廉士大醫生藥局惠贈衛生祕要數冊(下欄),,,211
__,廣告,上海婦女雜誌徵集文字圖片,,,212
__,廣告,「康強醫生曾在易縣奉送佳兒與楊君夫婦」韋廉士大醫生紅色補丸,,,213
